<?xml version="1.0" encoding="UTF-8"?>
<GenRun Id="synth_1" LaunchPart="xc7a35tcpg236-1" LaunchTime="1695827615" LaunchIncrCheckpoint="$PSRCDIR/utils_1/imports/synth_1/fpga_basicIO.dcp">
  <File Type="RDS-DCP" Name="fpga_basicIO.dcp"/>
  <File Type="RDS-UTIL-PB" Name="fpga_basicIO_utilization_synth.pb"/>
  <File Type="PA-TCL" Name="fpga_basicIO.tcl"/>
  <File Type="RDS-UTIL" Name="fpga_basicIO_utilization_synth.rpt"/>
  <File Type="REPORTS-TCL" Name="fpga_basicIO_reports.tcl"/>
  <File Type="RDS-RDS" Name="fpga_basicIO.vds"/>
  <FileSet Name="sources" Type="DesignSrcs" RelSrcDir="$PSRCDIR/sources_1" RelGenDir="$PGENDIR/sources_1">
    <Filter Type="Srcs"/>
    <File Path="$PSRCDIR/sources_1/imports/Lab1-JRImplementation/circuito.vhd">
      <FileInfo>
        <Attr Name="ImportPath" Val="$PPRDIR/../../../../../home/jbcr/Desktop/IST/MEng/PSD/Projects/Lab1/Lab1-JRImplementation/circuito.vhd"/>
        <Attr Name="ImportTime" Val="1695414942"/>
        <Attr Name="UsedIn" Val="synthesis"/>
        <Attr Name="UsedIn" Val="simulation"/>
      </FileInfo>
    </File>
    <File Path="$PSRCDIR/sources_1/imports/Lab1-JRImplementation/control.vhd">
      <FileInfo>
        <Attr Name="ImportPath" Val="$PPRDIR/../../../../../home/jbcr/Desktop/IST/MEng/PSD/Projects/Lab1/Lab1-JRImplementation/control.vhd"/>
        <Attr Name="ImportTime" Val="1695414942"/>
        <Attr Name="UsedIn" Val="synthesis"/>
        <Attr Name="UsedIn" Val="simulation"/>
      </FileInfo>
    </File>
    <File Path="$PSRCDIR/sources_1/imports/Lab1-JRImplementation/datapath.vhd">
      <FileInfo>
        <Attr Name="ImportPath" Val="$PPRDIR/../../../../../home/jbcr/Desktop/IST/MEng/PSD/Projects/Lab1/Lab1-JRImplementation/datapath.vhd"/>
        <Attr Name="ImportTime" Val="1695414942"/>
        <Attr Name="UsedIn" Val="synthesis"/>
        <Attr Name="UsedIn" Val="simulation"/>
      </FileInfo>
    </File>
    <File Path="$PSRCDIR/sources_1/imports/Lab1-JRImplementation/debouncer.vhd">
      <FileInfo>
        <Attr Name="ImportPath" Val="$PPRDIR/../../../../../home/jbcr/Desktop/IST/MEng/PSD/Projects/Lab1/Lab1-JRImplementation/debouncer.vhd"/>
        <Attr Name="ImportTime" Val="1695414942"/>
        <Attr Name="UsedIn" Val="synthesis"/>
        <Attr Name="UsedIn" Val="simulation"/>
      </FileInfo>
    </File>
    <File Path="$PSRCDIR/sources_1/imports/Lab1-JRImplementation/disp7.vhd">
      <FileInfo>
        <Attr Name="ImportPath" Val="$PPRDIR/../../../../../home/jbcr/Desktop/IST/MEng/PSD/Projects/Lab1/Lab1-JRImplementation/disp7.vhd"/>
        <Attr Name="ImportTime" Val="1695414942"/>
        <Attr Name="UsedIn" Val="synthesis"/>
        <Attr Name="UsedIn" Val="simulation"/>
      </FileInfo>
    </File>
    <File Path="$PSRCDIR/sources_1/imports/Lab1-JRImplementation/fpga_basicIO.vhd">
      <FileInfo>
        <Attr Name="ImportPath" Val="$PPRDIR/../../../../../home/jbcr/Desktop/IST/MEng/PSD/Projects/Lab1/Lab1-JRImplementation/fpga_basicIO.vhd"/>
        <Attr Name="ImportTime" Val="1695414942"/>
        <Attr Name="UsedIn" Val="synthesis"/>
        <Attr Name="UsedIn" Val="simulation"/>
      </FileInfo>
    </File>
    <Config>
      <Option Name="DesignMode" Val="RTL"/>
      <Option Name="TopModule" Val="fpga_basicIO"/>
      <Option Name="TopAutoSet" Val="TRUE"/>
    </Config>
  </FileSet>
  <FileSet Name="constrs_in" Type="Constrs" RelSrcDir="$PSRCDIR/constrs_1" RelGenDir="$PGENDIR/constrs_1">
    <Filter Type="Constrs"/>
    <File Path="$PSRCDIR/constrs_1/imports/Lab1-JRImplementation/Basys3_Master.xdc">
      <FileInfo>
        <Attr Name="ImportPath" Val="$PPRDIR/../../../../../home/jbcr/Desktop/IST/MEng/PSD/Projects/Lab1/Lab1-JRImplementation/Basys3_Master.xdc"/>
        <Attr Name="ImportTime" Val="1695414942"/>
        <Attr Name="UsedIn" Val="synthesis"/>
        <Attr Name="UsedIn" Val="implementation"/>
      </FileInfo>
    </File>
    <Config>
      <Option Name="ConstrsType" Val="XDC"/>
    </Config>
  </FileSet>
  <FileSet Name="utils" Type="Utils" RelSrcDir="$PSRCDIR/utils_1" RelGenDir="$PGENDIR/utils_1">
    <Filter Type="Utils"/>
    <File Path="$PSRCDIR/utils_1/imports/synth_1/fpga_basicIO.dcp">
      <FileInfo>
        <Attr Name="ImportPath" Val="$PPRDIR/../../../../../home/jbcr/Desktop/IST/MEng/PSD/Projects/Lab1/Lab1-JRImplementation/Lab1.srcs/utils_1/imports/synth_1/fpga_basicIO.dcp"/>
        <Attr Name="ImportTime" Val="1695827612"/>
        <Attr Name="UsedIn" Val="synthesis"/>
        <Attr Name="UsedIn" Val="implementation"/>
        <Attr Name="UsedInSteps" Val="synth_1"/>
        <Attr Name="AutoDcp" Val="1"/>
      </FileInfo>
    </File>
    <Config>
      <Option Name="TopAutoSet" Val="TRUE"/>
    </Config>
  </FileSet>
  <Strategy Version="1" Minor="2">
    <StratHandle Name="Vivado Synthesis Defaults" Flow="Vivado Synthesis 2023"/>
    <Step Id="synth_design"/>
  </Strategy>
</GenRun>
